time,status,f0_
00:00,approved,9
00:00,denied,6
00:00,refunded,1
00:01,denied,8
00:01,approved,13
00:02,refunded,1
00:02,approved,11
00:02,denied,7
00:03,denied,3
00:03,approved,12
00:04,approved,11
00:05,denied,2
00:05,approved,9
00:06,denied,2
00:06,approved,9
00:07,reversed,1
00:07,denied,1
00:07,approved,11
00:08,approved,7
00:08,denied,2
00:09,approved,9
00:10,denied,1
00:10,approved,10
00:11,approved,14
00:11,denied,2
00:12,approved,10
00:13,approved,11
00:14,approved,7
00:15,approved,6
00:16,approved,7
00:17,approved,7
00:18,approved,3
00:19,approved,7
00:19,denied,3
00:19,refunded,1
00:20,denied,1
00:20,approved,13
00:21,approved,6
00:21,denied,1
00:22,approved,3
00:23,approved,10
00:23,denied,2
00:24,approved,10
00:24,denied,1
00:25,approved,3
00:26,approved,7
00:26,denied,2
00:27,denied,2
00:27,approved,8
00:28,approved,11
00:28,denied,2
00:29,denied,1
00:29,approved,5
00:30,denied,2
00:30,approved,6
00:31,approved,8
00:32,approved,4
00:32,denied,2
00:33,denied,3
00:33,approved,4
00:34,denied,1
00:34,approved,7
00:35,approved,8
00:36,denied,1
00:36,approved,10
00:37,approved,10
00:37,denied,3
00:38,approved,7
00:38,denied,1
00:39,approved,6
00:40,denied,1
00:40,approved,6
00:41,approved,5
00:41,denied,1
00:42,approved,6
00:43,approved,4
00:44,approved,4
00:45,approved,5
00:46,approved,2
00:47,approved,6
00:47,reversed,1
00:48,approved,4
00:49,denied,3
00:49,approved,11
00:50,approved,6
00:50,denied,5
00:51,approved,2
00:52,approved,10
00:52,denied,1
00:53,denied,2
00:53,approved,5
00:54,denied,1
00:54,approved,5
00:55,approved,2
00:55,denied,3
00:56,denied,1
00:56,reversed,1
00:56,approved,2
00:57,approved,2
00:57,denied,1
00:58,approved,3
00:58,denied,1
00:59,approved,4
00:59,denied,1
01:00,approved,2
01:01,approved,3
01:01,denied,1
01:02,approved,4
01:03,approved,5
01:04,approved,12
01:05,approved,5
01:06,approved,5
01:07,denied,3
01:07,approved,1
01:08,denied,1
01:08,backend_reversed,1
01:08,approved,3
01:09,approved,2
01:10,approved,5
01:11,approved,3
01:11,denied,1
01:12,approved,5
01:12,denied,2
01:13,denied,2
01:13,approved,5
01:14,approved,4
01:15,approved,2
01:16,approved,5
01:17,approved,5
01:18,approved,1
01:19,approved,4
01:20,approved,3
01:21,approved,1
01:22,refunded,1
01:22,approved,2
01:23,approved,3
01:24,denied,1
01:24,approved,2
01:25,approved,2
01:25,denied,1
01:26,approved,2
01:26,denied,1
01:27,approved,5
01:27,denied,1
01:28,approved,5
01:29,denied,1
01:29,approved,2
01:30,approved,1
01:30,denied,2
01:31,denied,2
01:31,approved,2
01:32,approved,3
01:32,denied,1
01:33,approved,1
01:33,denied,2
01:34,approved,6
01:34,denied,3
01:35,denied,1
01:35,approved,4
01:36,approved,3
01:38,approved,4
01:39,approved,2
01:39,denied,1
01:40,approved,1
01:41,approved,1
01:42,approved,4
01:43,approved,5
01:44,approved,6
01:44,denied,1
01:45,approved,3
01:46,approved,1
01:47,approved,1
01:48,approved,1
01:49,approved,1
01:50,approved,4
01:52,approved,2
01:53,approved,2
01:54,approved,1
01:55,approved,4
01:55,denied,2
01:56,approved,3
01:56,denied,2
01:57,denied,2
01:57,approved,2
01:58,approved,1
01:59,denied,1
02:00,approved,2
02:01,approved,3
02:02,denied,1
02:03,approved,4
02:03,denied,1
02:04,approved,2
02:05,denied,1
02:05,approved,1
02:06,approved,1
02:07,approved,1
02:08,approved,1
02:09,approved,2
02:10,approved,2
02:12,approved,2
02:14,approved,2
02:15,approved,1
02:16,approved,1
02:16,denied,1
02:17,approved,2
02:20,approved,1
02:21,approved,1
02:22,approved,1
02:22,denied,1
02:23,denied,1
02:23,approved,1
02:24,approved,2
02:24,denied,1
02:25,approved,1
02:26,approved,1
02:27,approved,1
02:28,approved,3
02:30,approved,1
02:31,denied,1
02:31,approved,3
02:32,approved,2
02:33,approved,1
02:34,approved,1
02:35,denied,1
02:36,approved,1
02:39,approved,3
02:40,approved,4
02:41,denied,1
02:41,approved,1
02:42,approved,2
02:43,approved,1
02:44,approved,1
02:45,approved,1
02:47,approved,1
02:48,approved,1
02:54,approved,2
02:54,denied,1
02:55,approved,1
02:56,approved,2
02:57,approved,1
02:59,approved,1
03:02,approved,1
03:03,approved,3
03:04,approved,3
03:06,approved,1
03:06,denied,1
03:08,approved,1
03:10,approved,1
03:12,denied,2
03:12,approved,2
03:13,denied,1
03:14,approved,1
03:16,approved,1
03:17,approved,1
03:22,denied,1
03:22,approved,2
03:23,approved,2
03:24,approved,1
03:26,approved,2
03:27,approved,2
03:32,approved,4
03:33,approved,1
03:34,approved,2
03:35,approved,1
03:37,approved,1
03:39,denied,2
03:39,approved,1
03:40,denied,1
03:41,denied,1
03:42,denied,2
03:43,denied,2
03:44,denied,1
03:45,approved,1
03:47,approved,2
03:48,approved,4
03:52,approved,1
03:53,denied,1
03:55,denied,1
03:58,denied,1
03:58,approved,1
04:03,approved,1
04:04,approved,1
04:06,approved,1
04:16,approved,1
04:19,approved,2
04:23,denied,1
04:24,denied,1
04:31,approved,1
04:36,approved,1
04:37,approved,2
04:41,approved,2
04:42,approved,1
04:43,approved,2
04:44,approved,1
04:46,approved,1
04:47,approved,1
04:51,approved,1
04:52,approved,2
04:54,approved,1
04:55,approved,1
04:55,denied,1
04:56,approved,2
04:56,denied,2
04:57,approved,1
04:59,approved,2
05:00,approved,2
05:01,approved,1
05:02,approved,3
05:03,approved,1
05:04,approved,1
05:05,approved,1
05:06,approved,2
05:07,approved,1
05:07,denied,1
05:09,approved,1
05:10,approved,3
05:11,approved,2
05:12,approved,3
05:13,approved,2
05:14,denied,1
05:14,approved,1
05:15,denied,2
05:15,approved,2
05:16,approved,3
05:17,denied,1
05:17,approved,2
05:18,denied,2
05:19,denied,1
05:20,approved,1
05:20,denied,1
05:21,approved,3
05:21,denied,2
05:22,approved,2
05:23,approved,1
05:24,approved,3
05:25,approved,4
05:26,approved,4
05:26,denied,1
05:27,approved,3
05:27,denied,3
05:28,approved,6
05:29,approved,4
05:29,denied,1
05:30,denied,3
05:30,approved,7
05:31,approved,4
05:32,approved,4
05:33,approved,5
05:34,approved,3
05:34,denied,3
05:35,approved,4
05:35,denied,1
05:36,denied,1
05:36,approved,5
05:37,approved,6
05:38,approved,8
05:39,approved,7
05:40,approved,6
05:41,denied,1
05:41,approved,7
05:42,approved,8
05:42,denied,2
05:43,approved,7
05:43,denied,1
05:44,approved,5
05:44,denied,1
05:45,approved,8
05:46,approved,7
05:46,denied,1
05:47,denied,1
05:48,denied,4
05:48,approved,8
05:49,approved,12
05:50,approved,14
05:51,denied,1
05:51,approved,10
05:52,approved,10
05:53,approved,6
05:54,approved,9
05:55,approved,10
05:56,approved,8
05:56,denied,1
05:57,approved,11
05:57,denied,2
05:58,denied,1
05:58,approved,10
05:59,denied,2
05:59,refunded,1
05:59,approved,14
06:00,approved,5
06:00,denied,1
06:01,approved,13
06:01,denied,3
06:02,approved,15
06:02,denied,3
06:03,approved,17
06:03,denied,1
06:04,approved,12
06:04,denied,2
06:05,approved,13
06:06,approved,17
06:06,reversed,1
06:07,approved,17
06:08,approved,20
06:08,denied,1
06:09,approved,21
06:09,denied,2
06:10,denied,3
06:10,reversed,1
06:10,approved,23
06:11,approved,24
06:11,denied,2
06:12,denied,1
06:12,approved,20
06:13,approved,20
06:13,denied,1
06:14,approved,19
06:14,denied,2
06:15,approved,22
06:16,approved,20
06:16,denied,3
06:17,denied,2
06:17,backend_reversed,1
06:17,approved,21
06:18,denied,1
06:18,approved,31
06:19,approved,19
06:19,denied,2
06:20,reversed,1
06:20,approved,31
06:20,denied,4
06:21,refunded,1
06:21,approved,34
06:21,denied,4
06:22,approved,20
06:22,denied,3
06:23,approved,34
06:23,backend_reversed,1
06:23,denied,3
06:24,denied,2
06:24,approved,30
06:25,denied,3
06:25,approved,22
06:26,denied,2
06:26,approved,24
06:27,approved,15
06:27,denied,3
06:28,backend_reversed,1
06:28,approved,18
06:28,denied,1
06:28,reversed,1
06:29,denied,3
06:29,approved,33
06:30,approved,22
06:30,denied,2
06:31,denied,8
06:31,approved,38
06:32,denied,5
06:32,approved,28
06:33,denied,5
06:33,approved,34
06:33,reversed,1
06:34,approved,32
06:34,reversed,1
06:34,denied,3
06:35,approved,21
06:35,denied,4
06:35,reversed,1
06:36,approved,32
06:36,reversed,1
06:36,denied,5
06:37,denied,3
06:37,approved,35
06:38,approved,31
06:38,reversed,1
06:38,backend_reversed,1
06:38,denied,5
06:39,approved,42
06:39,denied,1
06:40,approved,39
06:40,denied,4
06:41,denied,3
06:41,approved,40
06:42,denied,3
06:42,approved,52
06:43,denied,7
06:43,approved,41
06:43,backend_reversed,1
06:44,approved,40
06:44,denied,6
06:45,approved,53
06:45,denied,7
06:46,denied,2
06:46,approved,42
06:47,approved,53
06:47,reversed,1
06:47,denied,7
06:48,approved,33
06:48,denied,5
06:49,denied,7
06:49,approved,39
06:50,approved,43
06:50,denied,4
06:51,approved,53
06:51,denied,7
06:52,denied,3
06:52,refunded,3
06:52,approved,45
06:53,denied,7
06:53,approved,48
06:53,refunded,1
06:54,reversed,1
06:54,denied,3
06:54,approved,48
06:55,denied,3
06:55,approved,49
06:56,approved,42
06:56,denied,5
06:56,reversed,1
06:57,backend_reversed,1
06:57,approved,59
06:57,denied,3
06:58,approved,51
06:58,denied,5
06:58,reversed,1
06:58,backend_reversed,1
06:59,refunded,1
06:59,backend_reversed,1
06:59,approved,59
06:59,denied,2
07:00,approved,70
07:00,denied,9
07:01,refunded,1
07:01,denied,5
07:01,approved,44
07:01,reversed,1
07:02,approved,70
07:02,denied,6
07:03,approved,73
07:03,denied,6
07:04,reversed,1
07:04,denied,8
07:04,approved,59
07:05,approved,74
07:05,denied,8
07:05,reversed,1
07:06,reversed,1
07:06,denied,10
07:06,approved,63
07:06,refunded,1
07:07,refunded,1
07:07,approved,63
07:07,denied,2
07:08,approved,75
07:08,denied,6
07:09,approved,65
07:09,denied,7
07:10,approved,66
07:10,denied,11
07:10,reversed,1
07:11,approved,65
07:11,denied,5
07:11,reversed,2
07:12,approved,57
07:12,denied,6
07:13,denied,5
07:13,refunded,1
07:13,approved,68
07:14,approved,69
07:14,denied,4
07:15,denied,3
07:15,approved,73
07:16,denied,10
07:16,approved,63
07:17,backend_reversed,1
07:17,approved,74
07:17,denied,10
07:17,reversed,1
07:18,approved,77
07:18,denied,4
07:19,denied,6
07:19,approved,69
07:20,denied,6
07:20,reversed,1
07:20,approved,66
07:21,approved,83
07:21,denied,4
07:22,approved,84
07:22,denied,5
07:23,denied,6
07:23,approved,86
07:24,approved,89
07:24,denied,6
07:24,reversed,1
07:25,approved,80
07:25,denied,4
07:26,denied,8
07:26,backend_reversed,1
07:26,approved,79
07:27,approved,88
07:27,denied,7
07:27,backend_reversed,1
07:28,denied,8
07:28,approved,71
07:28,reversed,1
07:29,reversed,1
07:29,denied,10
07:29,backend_reversed,1
07:29,approved,81
07:30,denied,10
07:30,backend_reversed,1
07:30,approved,91
07:31,reversed,1
07:31,approved,92
07:31,denied,7
07:32,approved,75
07:32,denied,7
07:33,approved,94
07:33,denied,8
07:34,reversed,1
07:34,approved,74
07:34,denied,5
07:35,approved,77
07:35,denied,10
07:36,backend_reversed,1
07:36,approved,92
07:36,denied,9
07:37,denied,14
07:37,approved,90
07:38,backend_reversed,2
07:38,denied,9
07:38,approved,95
07:39,denied,8
07:39,approved,124
07:39,reversed,1
07:40,approved,91
07:40,denied,10
07:41,denied,9
07:41,refunded,1
07:41,approved,84
07:42,approved,110
07:42,denied,12
07:43,approved,91
07:43,denied,8
07:44,backend_reversed,1
07:44,approved,113
07:44,denied,10
07:45,reversed,1
07:45,approved,102
07:45,denied,6
07:45,refunded,1
07:46,reversed,1
07:46,approved,108
07:46,denied,6
07:47,approved,110
07:47,denied,10
07:48,backend_reversed,1
07:48,approved,104
07:48,denied,10
07:48,refunded,2
07:49,reversed,1
07:49,approved,93
07:49,denied,15
07:49,refunded,1
07:50,approved,110
07:50,denied,17
07:50,refunded,1
07:50,reversed,1
07:51,refunded,1
07:51,denied,21
07:51,approved,110
07:52,reversed,1
07:52,denied,15
07:52,approved,128
07:53,approved,119
07:53,denied,17
07:54,approved,89
07:54,denied,21
07:55,denied,12
07:55,approved,119
07:56,reversed,1
07:56,approved,136
07:56,denied,9
07:57,reversed,1
07:57,approved,124
07:57,denied,17
07:57,backend_reversed,1
07:58,denied,14
07:58,backend_reversed,1
07:58,approved,124
07:59,approved,120
07:59,denied,8
08:00,approved,127
08:00,refunded,1
08:00,denied,8
08:01,approved,124
08:01,denied,9
08:02,approved,134
08:02,backend_reversed,1
08:02,denied,5
08:03,approved,113
08:03,denied,18
08:03,backend_reversed,3
08:04,denied,14
08:04,reversed,1
08:04,refunded,1
08:04,approved,126
08:05,denied,11
08:05,backend_reversed,2
08:05,approved,116
08:05,reversed,3
08:06,denied,23
08:06,reversed,1
08:06,approved,128
08:06,backend_reversed,1
08:07,reversed,1
08:07,approved,128
08:07,denied,18
08:07,backend_reversed,2
08:08,approved,140
08:08,reversed,1
08:08,denied,13
08:08,backend_reversed,2
08:09,reversed,1
08:09,approved,156
08:09,denied,21
08:10,backend_reversed,1
08:10,approved,150
08:10,denied,15
08:10,reversed,1
08:11,approved,137
08:11,denied,12
08:12,approved,153
08:12,denied,21
08:13,denied,21
08:13,reversed,1
08:13,approved,165
08:14,denied,19
08:14,reversed,1
08:14,approved,156
08:14,backend_reversed,1
08:15,approved,176
08:15,backend_reversed,2
08:15,denied,12
08:16,denied,22
08:16,approved,185
08:17,approved,164
08:17,refunded,1
08:17,denied,27
08:18,refunded,1
08:18,approved,163
08:18,denied,16
08:19,approved,182
08:19,denied,22
08:20,approved,158
08:20,refunded,2
08:20,reversed,2
08:20,denied,16
08:21,refunded,1
08:21,approved,187
08:21,denied,25
08:22,approved,180
08:22,reversed,3
08:22,denied,18
08:23,approved,177
08:23,denied,21
08:23,reversed,1
08:23,refunded,1
08:24,denied,30
08:24,approved,201
08:24,reversed,1
08:25,approved,180
08:25,backend_reversed,1
08:25,denied,24
08:26,approved,171
08:26,refunded,1
08:26,reversed,1
08:26,denied,17
08:27,refunded,2
08:27,denied,19
08:27,backend_reversed,1
08:27,approved,189
08:28,denied,20
08:28,reversed,2
08:28,approved,203
08:29,approved,188
08:29,denied,22
08:30,backend_reversed,1
08:30,approved,190
08:30,reversed,1
08:30,refunded,1
08:30,denied,23
08:31,approved,186
08:31,denied,23
08:31,reversed,3
08:31,refunded,2
08:32,backend_reversed,1
08:32,approved,175
08:32,reversed,2
08:32,denied,19
08:33,denied,22
08:33,reversed,2
08:33,approved,200
08:34,denied,13
08:34,reversed,2
08:34,approved,198
08:35,reversed,1
08:35,denied,15
08:35,refunded,1
08:35,backend_reversed,2
08:35,approved,204
08:36,denied,18
08:36,refunded,1
08:36,approved,178
08:36,reversed,3
08:37,refunded,1
08:37,denied,20
08:37,approved,185
08:38,approved,195
08:38,denied,18
08:38,refunded,1
08:39,denied,24
08:39,reversed,1
08:39,approved,213
08:40,denied,24
08:40,approved,209
08:41,approved,215
08:41,denied,29
08:41,reversed,3
08:42,refunded,2
08:42,denied,18
08:42,approved,210
08:42,reversed,1
08:43,approved,219
08:43,denied,18
08:44,approved,213
08:44,denied,30
08:44,reversed,1
08:45,approved,219
08:45,reversed,1
08:45,denied,28
08:46,denied,27
08:46,reversed,1
08:46,approved,212
08:46,backend_reversed,1
08:47,refunded,1
08:47,backend_reversed,2
08:47,approved,228
08:47,denied,19
08:48,approved,222
08:48,denied,24
08:48,reversed,1
08:48,backend_reversed,3
08:49,backend_reversed,1
08:49,approved,235
08:49,denied,26
08:50,denied,34
08:50,reversed,1
08:50,approved,250
08:51,approved,251
08:51,denied,19
08:51,reversed,2
08:52,failed,1
08:52,denied,26
08:52,approved,230
08:53,reversed,1
08:53,failed,1
08:53,approved,250
08:53,refunded,1
08:53,denied,22
08:54,denied,23
08:54,reversed,1
08:54,approved,225
08:55,approved,227
08:55,refunded,1
08:55,denied,26
08:56,approved,255
08:56,denied,24
08:57,denied,30
08:57,reversed,2
08:57,approved,218
08:58,denied,22
08:58,reversed,1
08:58,approved,247
08:59,approved,231
08:59,refunded,2
08:59,denied,27
08:59,reversed,1
09:00,approved,245
09:00,backend_reversed,2
09:00,denied,34
09:01,reversed,4
09:01,approved,232
09:01,denied,34
09:02,approved,231
09:02,denied,25
09:02,reversed,1
09:03,approved,260
09:03,reversed,3
09:03,denied,24
09:04,denied,19
09:04,backend_reversed,2
09:04,approved,255
09:04,reversed,1
09:05,denied,21
09:05,backend_reversed,1
09:05,approved,228
09:05,reversed,2
09:06,denied,20
09:06,reversed,1
09:06,approved,258
09:07,reversed,1
09:07,denied,28
09:07,backend_reversed,1
09:07,approved,279
09:08,backend_reversed,3
09:08,approved,287
09:08,denied,26
09:09,denied,36
09:09,reversed,3
09:09,approved,295
09:09,backend_reversed,1
09:10,approved,251
09:10,denied,30
09:10,backend_reversed,1
09:10,reversed,1
09:11,denied,26
09:11,approved,266
09:11,refunded,1
09:11,reversed,4
09:12,backend_reversed,2
09:12,denied,27
09:12,reversed,1
09:12,approved,279
09:12,refunded,1
09:13,denied,35
09:13,reversed,1
09:13,approved,291
09:13,backend_reversed,3
09:14,approved,297
09:14,denied,25
09:14,backend_reversed,1
09:14,reversed,3
09:15,denied,31
09:15,approved,276
09:16,approved,270
09:16,denied,24
09:16,backend_reversed,2
09:16,reversed,1
09:16,refunded,1
09:17,approved,282
09:17,refunded,1
09:17,denied,39
09:17,reversed,3
09:18,approved,295
09:18,reversed,1
09:18,denied,28
09:18,refunded,1
09:19,approved,289
09:19,reversed,1
09:19,denied,32
09:20,backend_reversed,1
09:20,approved,301
09:20,reversed,2
09:20,denied,30
09:21,denied,26
09:21,approved,313
09:21,reversed,3
09:21,refunded,1
09:22,backend_reversed,1
09:22,approved,319
09:22,reversed,1
09:22,denied,41
09:23,reversed,2
09:23,approved,307
09:23,refunded,1
09:23,denied,31
09:24,denied,22
09:24,approved,323
09:24,reversed,1
09:25,backend_reversed,1
09:25,approved,333
09:25,denied,29
09:26,refunded,1
09:26,approved,324
09:26,denied,39
09:26,reversed,3
09:27,approved,332
09:27,backend_reversed,1
09:27,refunded,1
09:27,reversed,3
09:27,denied,39
09:28,approved,339
09:28,refunded,2
09:28,reversed,4
09:28,denied,38
09:28,backend_reversed,1
09:29,approved,288
09:29,denied,36
09:29,backend_reversed,4
09:29,reversed,1
09:30,approved,323
09:30,reversed,4
09:30,denied,34
09:31,reversed,4
09:31,denied,36
09:31,backend_reversed,1
09:31,approved,312
09:32,reversed,2
09:32,denied,26
09:32,refunded,1
09:32,approved,295
09:33,denied,29
09:33,reversed,1
09:33,approved,315
09:34,approved,333
09:34,denied,39
09:34,reversed,1
09:35,reversed,5
09:35,approved,322
09:35,refunded,1
09:35,denied,30
09:36,reversed,4
09:36,approved,304
09:36,denied,34
09:36,refunded,3
09:37,denied,36
09:37,reversed,2
09:37,approved,310
09:37,refunded,1
09:38,approved,312
09:38,reversed,5
09:38,denied,32
09:39,approved,312
09:39,refunded,1
09:39,denied,31
09:39,backend_reversed,1
09:40,approved,340
09:40,denied,28
09:40,reversed,4
09:40,backend_reversed,2
09:40,refunded,4
09:41,refunded,1
09:41,approved,307
09:41,denied,32
09:41,reversed,2
09:42,approved,316
09:42,denied,38
09:42,refunded,1
09:42,reversed,4
09:42,backend_reversed,2
09:43,denied,35
09:43,refunded,1
09:43,reversed,1
09:43,backend_reversed,2
09:43,approved,315
09:44,backend_reversed,1
09:44,approved,322
09:44,denied,36
09:44,refunded,1
09:44,reversed,1
09:45,approved,342
09:45,reversed,1
09:45,denied,38
09:45,refunded,1
09:45,backend_reversed,1
09:46,denied,41
09:46,approved,321
09:46,reversed,4
09:46,refunded,2
09:47,denied,33
09:47,reversed,3
09:47,approved,350
09:47,backend_reversed,2
09:48,approved,340
09:48,denied,30
09:48,reversed,2
09:48,backend_reversed,1
09:48,refunded,3
09:49,reversed,3
09:49,approved,350
09:49,denied,33
09:50,backend_reversed,1
09:50,denied,36
09:50,approved,328
09:50,reversed,2
09:51,denied,39
09:51,reversed,1
09:51,approved,317
09:51,refunded,1
09:51,backend_reversed,1
09:52,reversed,3
09:52,denied,29
09:52,refunded,1
09:52,approved,324
09:53,backend_reversed,1
09:53,approved,362
09:53,denied,26
09:54,reversed,2
09:54,denied,37
09:54,approved,362
09:54,backend_reversed,2
09:55,refunded,1
09:55,backend_reversed,1
09:55,approved,336
09:55,denied,45
09:56,approved,350
09:56,refunded,2
09:56,denied,46
09:56,reversed,5
09:56,backend_reversed,3
09:57,backend_reversed,3
09:57,approved,351
09:57,reversed,3
09:57,denied,48
09:58,denied,35
09:58,approved,327
09:58,backend_reversed,1
09:58,reversed,2
09:59,backend_reversed,1
09:59,approved,326
09:59,reversed,1
09:59,denied,35
10:00,reversed,2
10:00,denied,35
10:00,backend_reversed,2
10:00,approved,363
10:01,refunded,2
10:01,approved,372
10:01,reversed,2
10:01,denied,36
10:02,approved,363
10:02,reversed,2
10:02,refunded,1
10:02,denied,33
10:02,backend_reversed,2
10:03,backend_reversed,2
10:03,approved,360
10:03,denied,30
10:03,reversed,4
10:04,denied,39
10:04,approved,336
10:04,reversed,3
10:05,denied,29
10:05,reversed,4
10:05,approved,335
10:05,backend_reversed,2
10:05,refunded,1
10:06,denied,36
10:06,backend_reversed,2
10:06,approved,337
10:07,approved,351
10:07,denied,31
10:07,refunded,1
10:07,backend_reversed,1
10:08,backend_reversed,3
10:08,refunded,1
10:08,approved,360
10:08,denied,29
10:08,reversed,3
10:09,approved,357
10:09,denied,27
10:09,reversed,5
10:10,approved,348
10:10,denied,49
10:10,reversed,2
10:10,backend_reversed,1
10:11,denied,36
10:11,backend_reversed,2
10:11,approved,382
10:11,reversed,2
10:11,refunded,2
10:12,approved,348
10:12,denied,30
10:12,reversed,4
10:12,backend_reversed,1
10:13,approved,346
10:13,denied,45
10:13,reversed,3
10:13,backend_reversed,2
10:14,refunded,2
10:14,approved,326
10:14,denied,42
10:15,reversed,1
10:15,approved,322
10:15,denied,36
10:16,approved,379
10:16,denied,35
10:16,reversed,1
10:17,approved,342
10:17,reversed,3
10:17,denied,34
10:18,reversed,3
10:18,approved,347
10:18,denied,30
10:19,reversed,2
10:19,approved,343
10:19,denied,44
10:20,refunded,1
10:20,approved,324
10:20,denied,46
10:21,refunded,1
10:21,approved,332
10:21,denied,29
10:21,reversed,1
10:21,backend_reversed,1
10:22,approved,335
10:22,backend_reversed,1
10:22,denied,33
10:23,denied,23
10:23,reversed,3
10:23,backend_reversed,1
10:23,approved,344
10:24,denied,40
10:24,refunded,1
10:24,approved,349
10:24,reversed,1
10:25,approved,348
10:25,reversed,4
10:25,denied,31
10:26,approved,356
10:26,backend_reversed,2
10:26,denied,38
10:26,reversed,2
10:27,denied,38
10:27,backend_reversed,1
10:27,reversed,1
10:27,approved,337
10:28,reversed,3
10:28,backend_reversed,1
10:28,denied,35
10:28,approved,365
10:29,backend_reversed,1
10:29,approved,384
10:29,denied,45
10:30,approved,365
10:30,denied,41
10:30,reversed,2
10:31,denied,30
10:31,reversed,3
10:31,backend_reversed,1
10:31,approved,373
10:31,failed,1
10:32,denied,35
10:32,reversed,2
10:32,approved,365
10:32,refunded,2
10:33,reversed,2
10:33,approved,335
10:33,denied,47
10:34,denied,28
10:34,approved,351
10:34,reversed,1
10:34,backend_reversed,1
10:35,approved,379
10:35,reversed,1
10:35,denied,36
10:35,refunded,2
10:36,backend_reversed,2
10:36,denied,30
10:36,approved,365
10:36,reversed,2
10:37,approved,339
10:37,reversed,3
10:37,backend_reversed,2
10:37,refunded,2
10:37,denied,38
10:38,refunded,1
10:38,failed,1
10:38,approved,351
10:38,denied,41
10:38,reversed,4
10:39,approved,339
10:39,denied,51
10:39,reversed,1
10:40,approved,375
10:40,reversed,4
10:40,backend_reversed,1
10:40,denied,29
10:41,reversed,1
10:41,approved,352
10:41,backend_reversed,1
10:41,denied,34
10:42,denied,37
10:42,approved,343
10:42,refunded,2
10:42,reversed,3
10:43,reversed,2
10:43,approved,335
10:43,denied,31
10:44,backend_reversed,1
10:44,approved,338
10:44,denied,34
10:44,reversed,3
10:45,reversed,1
10:45,approved,375
10:45,refunded,1
10:45,denied,35
10:45,backend_reversed,1
10:46,refunded,1
10:46,denied,39
10:46,reversed,4
10:46,approved,398
10:47,denied,35
10:47,backend_reversed,2
10:47,approved,345
10:48,approved,364
10:48,refunded,1
10:48,backend_reversed,2
10:48,denied,46
10:49,backend_reversed,2
10:49,denied,51
10:49,refunded,1
10:49,approved,385
10:49,reversed,2
10:50,denied,28
10:50,approved,373
10:50,backend_reversed,2
10:50,reversed,1
10:51,denied,46
10:51,reversed,1
10:51,approved,383
10:52,approved,380
10:52,backend_reversed,3
10:52,reversed,1
10:52,denied,34
10:53,approved,365
10:53,denied,48
10:54,denied,34
10:54,approved,391
10:54,backend_reversed,4
10:54,reversed,2
10:55,approved,369
10:55,denied,35
10:55,reversed,1
10:55,backend_reversed,3
10:56,approved,362
10:56,denied,38
10:56,backend_reversed,1
10:56,reversed,3
10:57,reversed,4
10:57,denied,47
10:57,backend_reversed,1
10:57,approved,339
10:58,reversed,1
10:58,approved,355
10:58,refunded,1
10:58,denied,36
10:58,backend_reversed,1
10:59,reversed,2
10:59,backend_reversed,1
10:59,approved,381
10:59,denied,39
10:59,refunded,1
11:00,denied,34
11:00,backend_reversed,1
11:00,approved,375
11:00,reversed,2
11:01,approved,373
11:01,denied,41
11:01,reversed,3
11:02,denied,28
11:02,approved,354
11:02,backend_reversed,4
11:03,backend_reversed,1
11:03,approved,354
11:03,denied,34
11:03,reversed,1
11:04,denied,48
11:04,reversed,1
11:04,approved,396
11:04,refunded,2
11:05,reversed,4
11:05,approved,396
11:05,denied,36
11:06,denied,34
11:06,reversed,1
11:06,approved,364
11:06,refunded,1
11:07,denied,42
11:07,reversed,4
11:07,approved,348
11:07,refunded,2
11:08,approved,356
11:08,denied,31
11:08,refunded,3
11:08,reversed,3
11:09,approved,379
11:09,backend_reversed,1
11:09,denied,28
11:09,reversed,5
11:10,approved,355
11:10,denied,32
11:10,backend_reversed,1
11:11,denied,37
11:11,approved,378
11:11,backend_reversed,1
11:11,refunded,1
11:12,denied,35
11:12,backend_reversed,1
11:12,approved,356
11:12,refunded,3
11:13,approved,382
11:13,denied,26
11:13,backend_reversed,1
11:13,reversed,1
11:14,reversed,2
11:14,denied,34
11:14,approved,353
11:15,denied,43
11:15,refunded,2
11:15,reversed,3
11:15,approved,382
11:16,backend_reversed,1
11:16,denied,34
11:16,approved,330
11:16,reversed,2
11:17,reversed,2
11:17,approved,376
11:17,denied,38
11:18,refunded,1
11:18,denied,34
11:18,approved,324
11:18,reversed,4
11:19,backend_reversed,1
11:19,approved,373
11:19,denied,39
11:19,reversed,1
11:20,approved,377
11:20,denied,22
11:20,refunded,1
11:21,approved,356
11:21,denied,35
11:21,reversed,1
11:22,approved,377
11:22,denied,37
11:22,refunded,1
11:23,denied,33
11:23,approved,367
11:23,reversed,1
11:24,approved,371
11:24,reversed,3
11:24,refunded,1
11:24,denied,26
11:25,reversed,3
11:25,denied,30
11:25,approved,391
11:25,refunded,2
11:25,backend_reversed,1
11:26,approved,382
11:26,denied,35
11:26,reversed,3
11:27,approved,380
11:27,denied,52
11:27,refunded,1
11:27,reversed,2
11:28,backend_reversed,1
11:28,denied,40
11:28,approved,349
11:28,reversed,3
11:28,refunded,1
11:29,approved,346
11:29,denied,35
11:30,denied,34
11:30,reversed,1
11:30,approved,377
11:31,approved,368
11:31,reversed,3
11:31,denied,35
11:32,reversed,3
11:32,approved,351
11:32,denied,29
11:32,backend_reversed,1
11:33,approved,358
11:33,refunded,1
11:33,denied,18
11:33,reversed,1
11:34,reversed,1
11:34,refunded,1
11:34,denied,40
11:34,approved,327
11:35,denied,38
11:35,reversed,3
11:35,approved,355
11:36,denied,31
11:36,approved,392
11:36,reversed,5
11:36,refunded,2
11:37,reversed,2
11:37,backend_reversed,1
11:37,approved,379
11:37,denied,36
11:37,refunded,1
11:38,approved,407
11:38,denied,33
11:39,approved,371
11:39,denied,29
11:39,reversed,2
11:40,approved,397
11:40,denied,33
11:40,backend_reversed,2
11:40,reversed,2
11:41,denied,28
11:41,reversed,1
11:41,approved,349
11:42,approved,382
11:42,denied,34
11:42,reversed,3
11:43,approved,370
11:43,denied,48
11:43,reversed,3
11:44,denied,36
11:44,reversed,1
11:44,approved,384
11:45,reversed,2
11:45,approved,358
11:45,denied,33
11:46,approved,366
11:46,reversed,1
11:46,denied,41
11:46,refunded,3
11:47,approved,375
11:47,denied,45
11:47,reversed,1
11:48,backend_reversed,1
11:48,approved,364
11:48,refunded,1
11:48,denied,34
11:49,reversed,3
11:49,approved,378
11:49,denied,38
11:50,denied,34
11:50,approved,390
11:50,reversed,1
11:50,backend_reversed,2
11:50,refunded,1
11:51,backend_reversed,1
11:51,denied,38
11:51,approved,347
11:51,reversed,2
11:52,approved,391
11:52,denied,43
11:52,reversed,1
11:53,reversed,2
11:53,approved,366
11:53,denied,45
11:54,reversed,1
11:54,denied,38
11:54,refunded,1
11:54,approved,293
11:55,approved,354
11:55,denied,36
11:55,reversed,2
11:56,denied,36
11:56,approved,337
11:56,reversed,5
11:57,denied,28
11:57,approved,337
11:57,reversed,1
11:58,reversed,2
11:58,refunded,1
11:58,approved,333
11:58,denied,33
11:59,denied,19
11:59,reversed,1
11:59,approved,330
12:00,approved,339
12:00,denied,24
12:00,failed,1
12:00,reversed,1
12:01,approved,332
12:01,refunded,1
12:01,backend_reversed,1
12:01,reversed,1
12:01,denied,27
12:02,approved,365
12:02,denied,39
12:02,reversed,1
12:02,backend_reversed,1
12:03,denied,38
12:03,approved,354
12:04,approved,335
12:04,backend_reversed,1
12:04,denied,31
12:05,denied,36
12:05,approved,354
12:05,reversed,2
12:06,denied,19
12:06,approved,337
12:06,refunded,1
12:06,reversed,2
12:07,denied,33
12:07,backend_reversed,1
12:07,approved,311
12:08,approved,334
12:08,reversed,2
12:08,denied,42
12:09,approved,359
12:09,denied,27
12:09,reversed,2
12:10,approved,302
12:10,reversed,1
12:10,denied,45
12:11,approved,325
12:11,denied,25
12:11,reversed,5
12:12,approved,312
12:12,denied,30
12:12,reversed,2
12:13,denied,24
12:13,approved,336
12:13,backend_reversed,1
12:14,approved,303
12:14,reversed,5
12:14,denied,34
12:14,backend_reversed,1
12:15,denied,21
12:15,approved,321
12:15,reversed,1
12:16,denied,30
12:16,reversed,1
12:16,backend_reversed,1
12:16,approved,307
12:16,refunded,1
12:17,approved,307
12:17,denied,38
12:18,denied,25
12:18,approved,308
12:19,reversed,2
12:19,refunded,1
12:19,approved,342
12:19,denied,35
12:20,approved,322
12:20,denied,32
12:21,approved,291
12:21,reversed,1
12:21,refunded,1
12:21,denied,26
12:21,backend_reversed,2
12:22,backend_reversed,1
12:22,reversed,1
12:22,approved,300
12:22,denied,27
12:23,denied,38
12:23,approved,280
12:24,approved,306
12:24,denied,23
12:24,reversed,1
12:24,backend_reversed,2
12:25,refunded,1
12:25,denied,27
12:25,approved,314
12:25,reversed,1
12:26,reversed,1
12:26,approved,314
12:26,denied,20
12:27,denied,19
12:27,refunded,1
12:27,approved,270
12:27,reversed,1
12:28,failed,1
12:28,reversed,2
12:28,denied,28
12:28,approved,287
12:29,approved,291
12:29,denied,24
12:29,refunded,2
12:29,reversed,2
12:30,approved,293
12:30,backend_reversed,1
12:30,refunded,1
12:30,denied,31
12:31,reversed,1
12:31,approved,310
12:31,denied,21
12:32,reversed,2
12:32,refunded,1
12:32,denied,36
12:32,approved,272
12:33,approved,263
12:33,denied,20
12:33,reversed,1
12:34,approved,310
12:34,denied,25
12:34,refunded,1
12:35,backend_reversed,4
12:35,approved,292
12:35,refunded,1
12:35,reversed,2
12:35,denied,29
12:36,reversed,1
12:36,denied,21
12:36,approved,300
12:36,backend_reversed,2
12:37,approved,262
12:37,denied,21
12:37,reversed,1
12:37,backend_reversed,1
12:38,backend_reversed,1
12:38,denied,31
12:38,refunded,1
12:38,reversed,3
12:38,approved,273
12:39,denied,22
12:39,approved,269
12:39,reversed,1
12:40,approved,259
12:40,denied,22
12:40,refunded,1
12:40,reversed,2
12:41,approved,288
12:41,reversed,2
12:41,denied,20
12:41,backend_reversed,1
12:42,approved,278
12:42,denied,27
12:42,refunded,2
12:42,backend_reversed,1
12:43,reversed,4
12:43,approved,280
12:43,denied,18
12:44,approved,276
12:44,reversed,1
12:44,denied,32
12:45,approved,264
12:45,reversed,1
12:45,denied,30
12:46,denied,32
12:46,approved,277
12:46,reversed,1
12:47,approved,273
12:47,failed,1
12:47,denied,29
12:48,refunded,1
12:48,reversed,2
12:48,denied,12
12:48,approved,277
12:49,approved,293
12:49,reversed,1
12:49,denied,24
12:50,approved,285
12:50,denied,29
12:50,reversed,2
12:51,denied,24
12:51,approved,274
12:51,reversed,3
12:52,reversed,3
12:52,denied,25
12:52,approved,305
12:53,approved,316
12:53,reversed,1
12:53,denied,27
12:53,backend_reversed,1
12:54,denied,39
12:54,refunded,1
12:54,approved,278
12:54,reversed,1
12:55,denied,35
12:55,approved,233
12:55,reversed,2
12:56,denied,28
12:56,reversed,3
12:56,approved,286
12:56,backend_reversed,1
12:57,reversed,1
12:57,backend_reversed,1
12:57,denied,28
12:57,approved,259
12:58,denied,27
12:58,backend_reversed,1
12:58,approved,308
12:58,reversed,6
12:59,backend_reversed,4
12:59,denied,28
12:59,approved,293
13:00,denied,25
13:00,reversed,3
13:00,refunded,1
13:00,backend_reversed,3
13:00,approved,294
13:01,approved,280
13:01,backend_reversed,2
13:01,denied,23
13:01,reversed,2
13:02,approved,296
13:02,backend_reversed,4
13:02,refunded,1
13:02,denied,26
13:03,denied,31
13:03,backend_reversed,2
13:03,approved,283
13:03,reversed,1
13:04,approved,305
13:04,backend_reversed,2
13:04,denied,19
13:05,approved,292
13:05,reversed,1
13:05,denied,21
13:06,reversed,1
13:06,denied,27
13:06,approved,271
13:07,approved,280
13:07,reversed,1
13:07,denied,23
13:08,approved,291
13:08,denied,23
13:08,reversed,2
13:09,approved,263
13:09,denied,37
13:09,reversed,3
13:10,approved,292
13:10,reversed,1
13:10,failed,1
13:10,refunded,1
13:10,denied,29
13:11,denied,25
13:11,reversed,4
13:11,approved,303
13:12,approved,242
13:12,reversed,5
13:12,denied,30
13:12,refunded,1
13:13,denied,27
13:13,reversed,1
13:13,backend_reversed,1
13:13,approved,283
13:14,denied,24
13:14,refunded,2
13:14,approved,271
13:14,reversed,1
13:15,approved,292
13:15,reversed,3
13:15,denied,27
13:15,refunded,1
13:16,approved,308
13:16,denied,31
13:16,refunded,1
13:17,reversed,1
13:17,denied,34
13:17,approved,310
13:18,approved,259
13:18,denied,39
13:19,denied,37
13:19,approved,286
13:19,reversed,5
13:20,approved,300
13:20,denied,25
13:20,backend_reversed,1
13:20,reversed,2
13:21,reversed,3
13:21,denied,29
13:21,approved,274
13:22,denied,39
13:22,approved,303
13:22,reversed,2
13:23,approved,256
13:23,denied,19
13:24,refunded,2
13:24,approved,283
13:24,denied,26
13:24,reversed,2
13:25,approved,307
13:25,denied,33
13:25,reversed,1
13:25,refunded,1
13:26,backend_reversed,1
13:26,approved,282
13:26,denied,33
13:26,refunded,2
13:27,approved,274
13:27,denied,35
13:28,approved,309
13:28,denied,37
13:28,reversed,2
13:28,refunded,1
13:29,denied,28
13:29,approved,271
13:29,reversed,1
13:30,approved,303
13:30,refunded,1
13:30,denied,23
13:31,approved,282
13:31,denied,20
13:32,approved,281
13:32,reversed,1
13:32,denied,21
13:32,refunded,1
13:33,approved,283
13:33,denied,29
13:33,refunded,1
13:33,backend_reversed,1
13:34,denied,22
13:34,approved,302
13:34,backend_reversed,1
13:34,reversed,1
13:35,approved,252
13:35,denied,28
13:36,backend_reversed,1
13:36,reversed,1
13:36,approved,285
13:36,denied,26
13:37,approved,290
13:37,denied,28
13:38,approved,289
13:38,reversed,1
13:38,denied,23
13:39,denied,23
13:39,approved,274
13:40,approved,295
13:40,reversed,2
13:40,denied,33
13:41,approved,306
13:41,reversed,1
13:41,denied,39
13:42,reversed,3
13:42,denied,28
13:42,approved,283
13:43,reversed,3
13:43,refunded,1
13:43,denied,26
13:43,approved,296
13:44,denied,30
13:44,reversed,1
13:44,approved,307
13:45,denied,29
13:45,approved,306
13:45,reversed,1
13:46,denied,30
13:46,refunded,1
13:46,approved,296
13:47,denied,32
13:47,approved,280
13:47,refunded,1
13:47,reversed,1
13:48,reversed,2
13:48,approved,288
13:48,denied,34
13:49,approved,301
13:49,denied,30
13:50,refunded,2
13:50,approved,266
13:50,denied,21
13:51,approved,300
13:51,denied,30
13:51,reversed,1
13:52,refunded,2
13:52,denied,30
13:52,approved,274
13:52,reversed,1
13:53,approved,285
13:53,denied,24
13:53,reversed,1
13:54,denied,33
13:54,approved,292
13:55,refunded,1
13:55,approved,279
13:55,denied,25
13:55,reversed,1
13:56,reversed,3
13:56,denied,30
13:56,approved,266
13:56,backend_reversed,1
13:56,refunded,1
13:57,approved,301
13:57,denied,35
13:57,backend_reversed,1
13:58,refunded,4
13:58,reversed,2
13:58,backend_reversed,1
13:58,denied,31
13:58,approved,307
13:59,denied,26
13:59,backend_reversed,2
13:59,refunded,1
13:59,approved,300
14:00,approved,289
14:00,denied,22
14:00,reversed,1
14:01,denied,33
14:01,approved,310
14:01,refunded,2
14:01,reversed,1
14:02,denied,25
14:02,reversed,1
14:02,approved,269
14:03,reversed,1
14:03,refunded,1
14:03,backend_reversed,1
14:03,denied,24
14:03,approved,317
14:04,denied,24
14:04,approved,295
14:04,reversed,2
14:05,approved,308
14:05,denied,34
14:06,approved,297
14:06,denied,21
14:06,refunded,1
14:07,denied,27
14:07,reversed,1
14:07,approved,316
14:07,refunded,1
14:08,denied,33
14:08,approved,267
14:08,reversed,1
14:09,approved,299
14:09,denied,26
14:09,refunded,1
14:09,reversed,2
14:10,reversed,1
14:10,approved,292
14:10,denied,28
14:11,approved,323
14:11,denied,24
14:11,reversed,1
14:11,refunded,2
14:12,denied,39
14:12,approved,323
14:13,approved,285
14:13,refunded,3
14:13,denied,26
14:14,denied,24
14:14,approved,310
14:14,reversed,3
14:14,refunded,1
14:15,approved,318
14:15,refunded,1
14:15,reversed,2
14:15,denied,34
14:16,reversed,2
14:16,denied,38
14:16,approved,311
14:17,denied,27
14:17,refunded,1
14:17,approved,298
14:17,reversed,2
14:18,approved,341
14:18,reversed,1
14:18,denied,41
14:19,reversed,1
14:19,refunded,2
14:19,denied,27
14:19,approved,328
14:20,approved,339
14:20,denied,31
14:20,refunded,2
14:20,reversed,1
14:21,approved,322
14:21,denied,29
14:21,reversed,2
14:22,denied,29
14:22,approved,340
14:23,approved,336
14:23,denied,36
14:23,reversed,2
14:24,approved,325
14:24,denied,32
14:24,reversed,1
14:25,denied,36
14:25,reversed,1
14:25,failed,1
14:25,approved,342
14:26,approved,310
14:26,reversed,1
14:26,refunded,1
14:26,denied,28
14:27,denied,31
14:27,refunded,1
14:27,approved,340
14:27,backend_reversed,1
14:28,reversed,5
14:28,approved,335
14:28,denied,37
14:28,refunded,2
14:29,approved,346
14:29,denied,34
14:29,backend_reversed,1
14:29,reversed,1
14:30,denied,41
14:30,backend_reversed,2
14:30,reversed,6
14:30,approved,327
14:30,processing,1
14:31,processing,5
14:31,backend_reversed,2
14:31,approved,125
14:31,denied,11
14:32,processing,1
14:33,processing,8
14:33,refunded,1
14:33,backend_reversed,3
14:33,approved,62
14:33,denied,18
14:33,reversed,122
14:34,refunded,2
14:34,reversed,148
14:34,backend_reversed,3
14:34,denied,19
14:34,approved,102
14:34,processing,10
14:35,reversed,206
14:35,processing,1
14:35,approved,381
14:35,backend_reversed,7
14:35,refunded,4
14:35,denied,73
14:36,processing,5
14:36,denied,44
14:36,reversed,71
14:36,approved,186
14:36,refunded,4
14:36,backend_reversed,5
14:36,failed,1
14:37,reversed,61
14:37,denied,8
14:37,processing,11
14:37,approved,48
14:37,backend_reversed,4
14:38,refunded,3
14:38,backend_reversed,5
14:38,processing,12
14:38,reversed,122
14:38,approved,211
14:38,denied,57
14:39,backend_reversed,2
14:39,approved,273
14:39,reversed,121
14:39,denied,39
14:39,processing,1
14:39,refunded,7
14:40,denied,2
14:40,approved,17
14:40,processing,8
14:40,backend_reversed,4
14:40,reversed,31
14:41,processing,7
14:41,backend_reversed,1
14:41,denied,62
14:41,reversed,180
14:41,refunded,2
14:41,approved,248
14:42,denied,87
14:42,refunded,13
14:42,backend_reversed,3
14:42,approved,434
14:42,reversed,193
14:43,reversed,109
14:43,approved,782
14:43,backend_reversed,7
14:43,denied,98
14:43,refunded,11
14:44,approved,305
14:44,processing,14
14:44,denied,54
14:44,failed,1
14:44,reversed,82
14:44,refunded,1
14:44,backend_reversed,6
14:45,refunded,3
14:45,backend_reversed,1
14:45,reversed,116
14:45,approved,136
14:45,processing,2
14:45,denied,39
14:46,refunded,5
14:46,failed,3
14:46,backend_reversed,13
14:46,processing,2
14:46,approved,456
14:46,reversed,139
14:46,denied,129
14:47,refunded,4
14:47,backend_reversed,4
14:47,denied,82
14:47,approved,369
14:47,processing,10
14:47,reversed,63
14:48,approved,342
14:48,reversed,65
14:48,backend_reversed,9
14:48,denied,52
14:48,processing,8
14:49,denied,84
14:49,backend_reversed,8
14:49,refunded,5
14:49,approved,107
14:49,reversed,174
14:49,failed,2
14:50,denied,42
14:50,backend_reversed,10
14:50,refunded,3
14:50,approved,239
14:50,failed,2
14:50,reversed,69
14:50,processing,15
14:51,approved,257
14:51,backend_reversed,10
14:51,processing,8
14:51,failed,1
14:51,reversed,159
14:51,denied,50
14:52,denied,94
14:52,reversed,109
14:52,refunded,5
14:52,processing,8
14:52,failed,1
14:52,approved,558
14:52,backend_reversed,6
14:53,refunded,3
14:53,backend_reversed,6
14:53,denied,35
14:53,failed,1
14:53,reversed,66
14:53,approved,243
14:53,processing,8
14:54,approved,14
14:54,denied,2
14:54,backend_reversed,4
14:54,reversed,36
14:54,processing,23
14:56,denied,97
14:56,reversed,172
14:56,refunded,7
14:56,backend_reversed,21
14:56,approved,332
14:56,processing,3
14:56,failed,3
14:57,approved,162
14:57,backend_reversed,11
14:57,denied,33
14:57,processing,13
14:57,failed,2
14:57,reversed,57
14:57,refunded,2
14:58,reversed,179
14:58,failed,1
14:58,approved,171
14:58,denied,82
14:58,refunded,5
14:58,backend_reversed,8
14:58,processing,2
14:59,approved,266
14:59,reversed,124
14:59,processing,12
14:59,denied,47
14:59,backend_reversed,2
14:59,refunded,3
15:00,reversed,83
15:00,processing,2
15:00,backend_reversed,2
15:00,refunded,1
15:00,approved,216
15:00,denied,22
15:01,reversed,95
15:01,approved,224
15:01,processing,6
15:01,backend_reversed,6
15:01,denied,36
15:01,refunded,2
15:02,refunded,3
15:02,failed,1
15:02,backend_reversed,13
15:02,approved,200
15:02,denied,73
15:02,processing,8
15:02,reversed,119
15:03,approved,343
15:03,backend_reversed,6
15:03,processing,2
15:03,denied,71
15:03,failed,1
15:03,reversed,162
15:03,refunded,7
15:04,failed,1
15:04,processing,1
15:04,denied,97
15:04,refunded,11
15:04,approved,629
15:04,reversed,113
15:04,backend_reversed,4
15:05,reversed,79
15:05,approved,461
15:05,denied,76
15:05,backend_reversed,4
15:05,processing,8
15:05,refunded,3
15:06,refunded,6
15:06,approved,621
15:06,failed,1
15:06,denied,107
15:06,reversed,45
15:06,backend_reversed,3
15:07,approved,273
15:07,processing,8
15:07,backend_reversed,13
15:07,refunded,5
15:07,denied,68
15:07,reversed,30
15:07,failed,1
15:08,backend_reversed,2
15:08,reversed,55
15:08,processing,10
15:08,refunded,2
15:08,approved,175
15:08,denied,28
15:09,processing,5
15:09,reversed,40
15:09,approved,25
15:09,denied,19
15:09,backend_reversed,1
15:10,reversed,165
15:10,approved,168
15:10,backend_reversed,10
15:10,denied,76
15:10,processing,6
15:10,failed,1
15:10,refunded,1
15:11,failed,1
15:11,approved,418
15:11,denied,92
15:11,backend_reversed,10
15:11,processing,1
15:11,reversed,151
15:11,refunded,7
15:12,reversed,101
15:12,approved,533
15:12,denied,68
15:12,processing,9
15:12,backend_reversed,6
15:12,refunded,4
15:13,reversed,70
15:13,backend_reversed,11
15:13,processing,7
15:13,denied,61
15:13,refunded,1
15:13,failed,1
15:13,approved,218
15:14,processing,5
15:14,approved,114
15:14,refunded,3
15:14,reversed,72
15:14,denied,44
15:14,backend_reversed,8
15:15,refunded,3
15:15,approved,540
15:15,denied,99
15:15,processing,2
15:15,reversed,118
15:15,backend_reversed,10
15:16,denied,108
15:16,reversed,42
15:16,approved,618
15:16,backend_reversed,6
15:16,refunded,8
15:17,refunded,5
15:17,backend_reversed,7
15:17,reversed,44
15:17,denied,105
15:17,approved,468
15:17,processing,5
15:18,denied,11
15:18,processing,6
15:18,approved,52
15:18,failed,1
15:18,reversed,11
15:19,approved,336
15:19,denied,103
15:19,backend_reversed,19
15:19,reversed,200
15:19,refunded,5
15:19,processing,1
15:19,failed,1
15:20,reversed,96
15:20,refunded,2
15:20,approved,485
15:20,failed,2
15:20,processing,3
15:20,denied,113
15:20,backend_reversed,17
15:21,denied,92
15:21,backend_reversed,10
15:21,reversed,71
15:21,approved,558
15:21,processing,4
15:21,refunded,2
15:21,failed,3
15:22,approved,273
15:22,processing,5
15:22,refunded,1
15:22,denied,56
15:22,reversed,39
15:22,backend_reversed,7
15:22,failed,1
15:24,reversed,263
15:24,denied,101
15:24,approved,300
15:24,refunded,6
15:24,backend_reversed,12
15:24,failed,3
15:25,refunded,5
15:25,denied,53
15:25,reversed,113
15:25,approved,451
15:25,failed,1
15:26,denied,56
15:26,approved,452
15:26,refunded,3
15:26,processing,2
15:26,reversed,76
15:26,backend_reversed,5
15:27,approved,386
15:27,processing,7
15:27,failed,1
15:27,reversed,30
15:27,backend_reversed,5
15:27,denied,63
15:27,refunded,2
15:28,reversed,57
15:28,denied,62
15:28,processing,3
15:28,backend_reversed,7
15:28,refunded,2
15:28,approved,349
15:29,reversed,68
15:29,failed,3
15:29,backend_reversed,5
15:29,approved,577
15:29,denied,111
15:29,refunded,2
15:30,denied,67
15:30,reversed,26
15:30,refunded,2
15:30,backend_reversed,7
15:30,approved,459
15:31,backend_reversed,8
15:31,approved,399
15:31,processing,2
15:31,denied,56
15:31,refunded,4
15:31,reversed,11
15:31,failed,1
15:32,backend_reversed,4
15:32,processing,14
15:32,approved,358
15:32,failed,1
15:32,denied,56
15:32,reversed,15
15:32,refunded,2
15:34,denied,56
15:34,backend_reversed,11
15:34,failed,1
15:34,approved,198
15:34,reversed,275
15:34,processing,5
15:34,refunded,1
15:35,denied,60
15:35,reversed,119
15:35,approved,420
15:35,backend_reversed,1
15:35,processing,4
15:36,approved,97
15:36,processing,30
15:36,denied,18
15:36,backend_reversed,4
15:36,refunded,1
15:36,reversed,75
15:37,denied,53
15:37,approved,177
15:37,processing,7
15:37,reversed,139
15:37,refunded,1
15:37,backend_reversed,12
15:38,approved,141
15:38,refunded,3
15:38,reversed,52
15:38,denied,22
15:38,backend_reversed,7
15:38,processing,5
15:39,denied,42
15:39,reversed,144
15:39,approved,117
15:39,backend_reversed,6
15:39,refunded,6
15:40,reversed,83
15:40,approved,334
15:40,processing,5
15:40,failed,1
15:40,denied,52
15:40,backend_reversed,4
15:40,refunded,1
15:41,backend_reversed,6
15:41,refunded,6
15:41,approved,351
15:41,reversed,140
15:41,processing,4
15:41,denied,52
15:42,reversed,55
15:42,approved,166
15:42,refunded,4
15:42,denied,28
15:42,backend_reversed,5
15:42,processing,7
15:43,reversed,43
15:43,refunded,1
15:43,approved,41
15:43,processing,7
15:43,denied,23
15:43,backend_reversed,2
15:44,processing,3
15:44,refunded,5
15:44,backend_reversed,11
15:44,denied,71
15:44,approved,233
15:44,reversed,168
15:46,approved,4
15:46,backend_reversed,5
15:46,reversed,16
15:46,denied,2
15:47,refunded,3
15:47,processing,7
15:47,backend_reversed,7
15:47,denied,30
15:47,approved,200
15:47,reversed,69
15:48,reversed,91
15:48,denied,36
15:48,backend_reversed,1
15:48,failed,1
15:48,refunded,2
15:48,processing,1
15:48,approved,218
15:49,backend_reversed,2
15:49,refunded,1
15:49,approved,138
15:49,denied,23
15:49,processing,1
15:49,reversed,62
15:50,approved,312
15:50,denied,37
15:50,refunded,2
15:50,backend_reversed,1
15:50,reversed,127
15:51,reversed,129
15:51,approved,466
15:51,denied,48
15:51,refunded,10
15:51,backend_reversed,2
15:52,refunded,4
15:52,failed,1
15:52,approved,313
15:52,reversed,105
15:52,denied,55
15:52,processing,7
15:52,backend_reversed,7
15:53,reversed,104
15:53,backend_reversed,5
15:53,refunded,4
15:53,approved,724
15:53,denied,78
15:54,denied,86
15:54,approved,659
15:54,reversed,28
15:54,backend_reversed,7
15:54,refunded,9
15:55,processing,5
15:55,backend_reversed,4
15:55,refunded,1
15:55,approved,109
15:55,reversed,15
15:55,denied,13
15:56,processing,4
15:56,reversed,4
15:56,backend_reversed,1
15:57,reversed,166
15:57,processing,13
15:57,refunded,9
15:57,approved,223
15:57,backend_reversed,20
15:57,denied,66
15:58,backend_reversed,7
15:58,denied,13
15:58,processing,6
15:58,reversed,19
15:58,approved,39
15:59,denied,11
15:59,approved,35
15:59,reversed,41
15:59,refunded,1
16:00,reversed,171
16:00,processing,3
16:00,denied,52
16:00,backend_reversed,11
16:00,refunded,7
16:00,approved,191
16:01,processing,7
16:01,reversed,103
16:01,approved,124
16:01,backend_reversed,8
16:01,denied,33
16:01,refunded,6
16:02,backend_reversed,10
16:02,approved,193
16:02,refunded,3
16:02,denied,30
16:02,processing,1
16:02,reversed,68
16:03,refunded,7
16:03,approved,282
16:03,reversed,110
16:03,denied,33
16:03,processing,7
16:03,backend_reversed,6
16:04,approved,58
16:04,refunded,2
16:04,reversed,32
16:04,denied,10
16:04,processing,2
16:04,backend_reversed,6
16:05,reversed,97
16:05,approved,121
16:05,denied,32
16:05,refunded,4
16:05,backend_reversed,7
16:05,processing,8
16:07,denied,11
16:07,backend_reversed,3
16:07,reversed,39
16:07,approved,19
16:07,processing,1
16:08,approved,169
16:08,refunded,3
16:08,reversed,85
16:08,denied,32
16:08,processing,8
16:08,backend_reversed,2
16:09,refunded,3
16:09,backend_reversed,3
16:09,approved,80
16:09,reversed,75
16:09,denied,19
16:10,refunded,3
16:10,reversed,80
16:10,denied,26
16:10,backend_reversed,5
16:10,processing,2
16:10,approved,139
16:11,denied,66
16:11,backend_reversed,4
16:11,processing,3
16:11,reversed,140
16:11,approved,293
16:11,refunded,5
16:12,approved,419
16:12,processing,3
16:12,backend_reversed,4
16:12,reversed,90
16:12,refunded,2
16:12,denied,49
16:13,reversed,20
16:13,backend_reversed,4
16:13,approved,44
16:13,denied,5
16:13,processing,4
16:15,processing,5
16:15,approved,38
16:15,backend_reversed,9
16:15,refunded,2
16:15,denied,11
16:15,reversed,30
16:16,processing,5
16:16,failed,2
16:16,denied,52
16:16,backend_reversed,13
16:16,refunded,9
16:16,reversed,140
16:16,approved,243
16:17,backend_reversed,4
16:17,denied,26
16:17,processing,1
16:17,refunded,1
16:17,approved,107
16:17,reversed,66
16:20,reversed,67
16:20,backend_reversed,10
16:20,processing,1
16:20,approved,164
16:20,denied,38
16:20,refunded,2
16:21,refunded,2
16:21,backend_reversed,1
16:21,reversed,76
16:21,denied,33
16:21,processing,1
16:21,approved,124
16:22,backend_reversed,5
16:22,reversed,96
16:22,denied,28
16:22,approved,131
16:22,refunded,3
16:22,processing,2
16:23,approved,66
16:23,refunded,1
16:23,backend_reversed,2
16:23,reversed,70
16:23,processing,11
16:23,denied,17
16:24,approved,89
16:24,denied,22
16:24,backend_reversed,6
16:24,refunded,1
16:24,reversed,67
16:24,processing,2
16:25,approved,58
16:25,processing,5
16:25,denied,21
16:25,refunded,1
16:25,reversed,69
16:25,backend_reversed,4
16:26,processing,6
16:26,backend_reversed,13
16:26,refunded,10
16:26,denied,89
16:26,reversed,231
16:26,approved,560
16:28,backend_reversed,6
16:28,processing,22
16:28,denied,5
16:28,reversed,23
16:28,approved,6
16:29,approved,35
16:29,processing,28
16:29,denied,17
16:29,backend_reversed,10
16:29,reversed,55
16:29,refunded,1
16:30,approved,367
16:30,denied,58
16:30,failed,1
16:30,processing,2
16:30,refunded,2
16:30,reversed,143
16:30,backend_reversed,7
16:31,backend_reversed,1
16:31,failed,1
16:31,denied,52
16:31,refunded,11
16:31,approved,510
16:31,reversed,175
16:32,denied,21
16:32,backend_reversed,3
16:32,refunded,2
16:32,reversed,77
16:32,processing,12
16:32,approved,81
16:33,approved,301
16:33,refunded,4
16:33,processing,2
16:33,backend_reversed,17
16:33,reversed,220
16:33,denied,86
16:34,reversed,216
16:34,approved,602
16:34,refunded,8
16:34,failed,1
16:34,denied,106
16:34,backend_reversed,9
16:35,reversed,135
16:35,processing,11
16:35,backend_reversed,5
16:35,denied,96
16:35,approved,773
16:35,refunded,6
16:36,reversed,53
16:36,refunded,4
16:36,denied,55
16:36,processing,2
16:36,backend_reversed,2
16:36,approved,392
16:37,approved,511
16:37,processing,14
16:37,reversed,69
16:37,denied,84
16:37,refunded,8
16:37,backend_reversed,9
16:38,reversed,64
16:38,approved,648
16:38,denied,79
16:38,backend_reversed,6
16:38,refunded,6
16:39,denied,133
16:39,reversed,53
16:39,approved,640
16:39,refunded,7
16:39,backend_reversed,23
16:40,refunded,8
16:40,backend_reversed,19
16:40,reversed,39
16:40,approved,569
16:40,denied,124
16:41,backend_reversed,15
16:41,denied,104
16:41,refunded,7
16:41,reversed,26
16:41,approved,512
16:42,reversed,23
16:42,backend_reversed,15
16:42,approved,502
16:42,refunded,5
16:42,denied,103
16:43,backend_reversed,7
16:43,failed,1
16:43,processing,1
16:43,approved,491
16:43,denied,78
16:43,reversed,22
16:43,refunded,2
16:44,processing,4
16:44,reversed,20
16:44,backend_reversed,10
16:44,denied,35
16:44,refunded,1
16:44,approved,343
16:45,approved,477
16:45,refunded,2
16:45,backend_reversed,5
16:45,processing,1
16:45,denied,54
16:45,reversed,35
16:46,approved,430
16:46,denied,52
16:46,backend_reversed,2
16:46,reversed,15
16:46,refunded,3
16:47,reversed,8
16:47,approved,459
16:47,denied,58
16:47,backend_reversed,2
16:47,refunded,1
16:48,denied,48
16:48,reversed,14
16:48,processing,2
16:48,approved,391
16:48,refunded,2
16:49,processing,11
16:49,denied,1
16:49,reversed,1
16:49,approved,11
16:49,backend_reversed,2
16:51,approved,30
16:51,reversed,31
16:51,denied,16
16:51,backend_reversed,2
16:52,reversed,109
16:52,denied,55
16:52,backend_reversed,4
16:52,refunded,4
16:52,processing,7
16:52,approved,378
16:53,refunded,1
16:53,processing,9
16:53,reversed,35
16:53,approved,45
16:53,denied,4
16:54,approved,69
16:54,backend_reversed,6
16:54,processing,5
16:54,denied,21
16:54,refunded,2
16:54,reversed,105
16:55,reversed,131
16:55,processing,7
16:55,backend_reversed,5
16:55,denied,27
16:55,refunded,2
16:55,approved,102
16:56,refunded,8
16:56,reversed,190
16:56,approved,305
16:56,backend_reversed,4
16:56,denied,46
16:56,processing,2
16:57,refunded,6
16:57,reversed,168
16:57,denied,92
16:57,approved,420
16:57,backend_reversed,7
16:58,approved,627
16:58,processing,4
16:58,reversed,108
16:58,denied,63
16:58,backend_reversed,3
16:59,processing,1
16:59,denied,74
16:59,reversed,93
16:59,backend_reversed,4
16:59,approved,573
16:59,refunded,6
17:00,backend_reversed,8
17:00,approved,686
17:00,denied,96
17:00,processing,11
17:00,refunded,3
17:00,reversed,51
17:01,denied,25
17:01,backend_reversed,5
17:01,approved,154
17:01,processing,11
17:01,reversed,18
17:02,denied,2
17:02,approved,15
17:02,processing,10
17:02,reversed,19
17:02,backend_reversed,20
17:03,approved,30
17:03,processing,6
17:03,refunded,1
17:03,reversed,35
17:03,denied,9
17:03,backend_reversed,6
17:06,reversed,5
17:06,processing,2
17:06,backend_reversed,13
17:07,backend_reversed,9
17:07,reversed,10
17:07,processing,2
17:07,denied,3
17:07,refunded,1
17:07,approved,13
17:08,backend_reversed,1
17:08,reversed,5
17:08,approved,84
17:08,denied,9
17:08,refunded,1
17:08,processing,5
17:09,denied,8
17:09,backend_reversed,4
17:09,approved,52
17:09,reversed,46
17:09,processing,6
17:10,approved,384
17:10,denied,40
17:10,backend_reversed,2
17:10,reversed,169
17:10,refunded,7
17:11,denied,36
17:11,refunded,4
17:11,backend_reversed,6
17:11,processing,2
17:11,reversed,113
17:11,approved,304
17:12,backend_reversed,4
17:12,refunded,7
17:12,reversed,114
17:12,processing,1
17:12,denied,38
17:12,approved,150
17:13,reversed,124
17:13,denied,47
17:13,approved,297
17:13,refunded,7
17:13,backend_reversed,11
17:13,processing,6
17:14,reversed,2
17:14,processing,2
17:14,backend_reversed,1
17:14,denied,1
17:15,reversed,100
17:15,refunded,6
17:15,approved,246
17:15,processing,9
17:15,denied,59
17:15,backend_reversed,16
17:16,refunded,4
17:16,approved,198
17:16,reversed,113
17:16,backend_reversed,8
17:16,denied,61
17:16,processing,2
17:17,reversed,87
17:17,refunded,6
17:17,approved,177
17:17,denied,31
17:17,backend_reversed,13
17:17,processing,3
17:18,approved,89
17:18,reversed,48
17:18,denied,26
17:18,processing,5
17:18,refunded,5
17:18,backend_reversed,11
17:19,reversed,24
17:19,refunded,1
17:19,backend_reversed,8
17:19,processing,3
17:19,denied,12
17:19,approved,33
17:21,reversed,76
17:21,approved,216
17:21,refunded,2
17:21,denied,81
17:21,backend_reversed,18
17:21,processing,3
17:22,approved,117
17:22,processing,3
17:22,reversed,32
17:22,backend_reversed,5
17:22,denied,20
17:23,backend_reversed,13
17:23,denied,12
17:23,refunded,1
17:23,approved,118
17:23,processing,6
17:23,reversed,24
17:24,reversed,1
17:24,processing,5
17:24,approved,1
17:24,backend_reversed,5
17:26,backend_reversed,12
17:26,reversed,63
17:26,approved,190
17:26,denied,35
17:26,refunded,4
17:26,processing,4
17:27,processing,14
17:27,reversed,17
17:27,refunded,8
17:27,approved,102
17:27,backend_reversed,4
17:27,denied,5
17:29,refunded,1
17:29,approved,10
17:29,processing,1
17:29,reversed,6
17:29,denied,1
17:29,backend_reversed,1
17:30,backend_reversed,4
17:30,processing,2
17:35,backend_reversed,2
17:35,processing,6
17:35,reversed,20
17:35,approved,38
17:35,denied,7
17:37,approved,15
17:37,processing,7
17:37,backend_reversed,7
17:37,reversed,4
17:37,denied,2
17:39,backend_reversed,3
17:39,reversed,7
17:39,processing,3
17:39,approved,9
17:40,processing,6
17:40,denied,6
17:40,approved,49
17:40,backend_reversed,5
17:40,reversed,11
17:41,approved,2
17:41,backend_reversed,4
17:41,reversed,3
17:41,processing,2
17:42,reversed,28
17:42,denied,7
17:42,approved,55
17:42,processing,2
17:42,backend_reversed,7
17:44,denied,5
17:44,backend_reversed,3
17:44,refunded,1
17:44,approved,29
17:44,reversed,14
17:44,processing,5
17:46,backend_reversed,3
17:46,processing,1
17:47,approved,3
17:47,reversed,2
17:47,backend_reversed,3
17:48,approved,32
17:48,backend_reversed,4
17:48,reversed,11
17:48,processing,1
17:48,denied,4
17:49,approved,11
17:49,backend_reversed,2
17:49,processing,1
17:49,reversed,13
17:49,denied,1
17:50,approved,4
17:50,reversed,6
17:50,backend_reversed,5
17:50,processing,10
17:51,refunded,2
17:51,approved,11
17:51,denied,5
17:51,reversed,6
17:51,processing,7
17:51,backend_reversed,2
17:52,approved,9
17:52,reversed,4
17:52,backend_reversed,2
17:52,denied,1
17:52,refunded,1
17:54,reversed,1
17:54,backend_reversed,1
17:55,reversed,5
17:55,approved,6
17:55,denied,2
17:55,processing,1
17:55,backend_reversed,1
17:56,reversed,2
17:56,approved,18
17:56,processing,4
17:56,backend_reversed,1
17:56,denied,1
17:57,processing,4
17:57,reversed,5
17:57,approved,30
17:57,denied,2
17:58,reversed,28
17:58,denied,11
17:58,backend_reversed,3
17:58,processing,2
17:58,approved,49
17:59,reversed,11
17:59,denied,1
17:59,approved,33
17:59,processing,2
18:00,approved,14
18:00,reversed,13
18:00,denied,2
18:00,backend_reversed,2
18:01,approved,140
18:01,denied,25
18:01,backend_reversed,2
18:01,reversed,29
18:02,approved,80
18:02,reversed,43
18:02,denied,14
18:02,refunded,3
18:02,backend_reversed,2
18:03,denied,13
18:03,approved,115
18:03,processing,9
18:03,backend_reversed,9
18:03,refunded,5
18:03,reversed,27
18:05,reversed,42
18:05,refunded,1
18:05,denied,8
18:05,approved,60
18:05,backend_reversed,12
18:05,processing,6
18:06,backend_reversed,8
18:06,reversed,8
18:06,processing,2
18:06,approved,3
18:07,denied,21
18:07,reversed,47
18:07,approved,118
18:07,backend_reversed,10
18:07,processing,4
18:07,refunded,2
18:08,denied,2
18:08,reversed,4
18:08,approved,1
18:09,backend_reversed,12
18:09,reversed,57
18:09,approved,89
18:09,processing,5
18:09,refunded,5
18:09,denied,21
18:10,denied,20
18:10,reversed,46
18:10,approved,178
18:10,backend_reversed,4
18:10,processing,5
18:11,approved,41
18:11,denied,6
18:11,processing,6
18:11,reversed,19
18:11,backend_reversed,3
18:12,approved,14
18:12,reversed,12
18:12,denied,3
18:13,backend_reversed,3
18:13,processing,3
18:13,approved,94
18:13,refunded,3
18:13,reversed,41
18:13,denied,19
18:14,backend_reversed,2
18:14,processing,5
18:14,reversed,55
18:14,approved,126
18:14,denied,21
18:14,refunded,2
18:15,approved,5
18:15,refunded,1
18:15,backend_reversed,1
18:15,reversed,7
18:15,processing,2
18:16,approved,59
18:16,processing,3
18:16,denied,9
18:16,backend_reversed,7
18:16,reversed,38
18:17,reversed,30
18:17,failed,1
18:17,denied,15
18:17,processing,9
18:17,approved,57
18:17,backend_reversed,7
18:17,refunded,1
18:18,approved,145
18:18,reversed,84
18:18,denied,28
18:18,processing,3
18:18,refunded,9
18:18,backend_reversed,7
18:18,failed,1
18:19,reversed,106
18:19,approved,237
18:19,refunded,3
18:19,denied,29
18:19,backend_reversed,6
18:19,processing,8
18:20,denied,40
18:20,reversed,101
18:20,refunded,4
18:20,approved,227
18:20,backend_reversed,14
18:20,processing,3
18:22,refunded,2
18:22,approved,49
18:22,processing,3
18:22,reversed,18
18:22,denied,14
18:22,backend_reversed,5
18:23,backend_reversed,10
18:23,processing,3
18:23,approved,100
18:23,reversed,35
18:23,denied,16
18:23,refunded,3
18:24,reversed,103
18:24,refunded,5
18:24,backend_reversed,11
18:24,denied,60
18:24,approved,306
18:25,approved,28
18:25,reversed,7
18:25,backend_reversed,4
18:25,denied,5
18:25,processing,1
18:25,refunded,1
18:27,backend_reversed,4
18:27,approved,16
18:27,processing,2
18:27,denied,11
18:27,reversed,10
18:28,reversed,6
18:28,backend_reversed,4
18:28,processing,2
18:28,approved,6
18:34,denied,1
18:34,approved,22
18:34,reversed,1
18:35,reversed,23
18:35,denied,7
18:35,approved,113
18:36,denied,19
18:36,approved,182
18:36,reversed,66
18:36,refunded,2
18:37,reversed,53
18:37,denied,21
18:37,approved,225
18:37,refunded,4
18:38,denied,49
18:38,approved,389
18:38,reversed,46
18:38,refunded,4
18:39,denied,48
18:39,backend_reversed,5
18:39,reversed,19
18:39,approved,394
18:39,refunded,3
18:40,reversed,23
18:40,backend_reversed,6
18:40,refunded,5
18:40,denied,68
18:40,approved,373
18:41,backend_reversed,2
18:41,denied,64
18:41,reversed,18
18:41,refunded,5
18:41,approved,335
18:42,refunded,5
18:42,reversed,13
18:42,approved,299
18:42,backend_reversed,6
18:42,denied,56
18:43,approved,283
18:43,backend_reversed,1
18:43,denied,43
18:43,reversed,5
18:44,reversed,1
18:44,approved,251
18:44,denied,35
18:44,refunded,2
18:45,reversed,3
18:45,denied,27
18:45,refunded,1
18:45,approved,251
18:46,approved,244
18:46,denied,36
18:46,reversed,1
18:47,reversed,4
18:47,approved,223
18:47,denied,40
18:48,refunded,2
18:48,denied,32
18:48,approved,235
18:48,reversed,3
18:49,approved,236
18:49,reversed,4
18:49,denied,36
18:49,refunded,1
18:50,denied,38
18:50,approved,242
18:50,reversed,5
18:51,approved,227
18:51,refunded,4
18:51,denied,29
18:51,reversed,2
18:52,denied,29
18:52,reversed,3
18:52,approved,231
18:53,approved,228
18:53,refunded,2
18:53,backend_reversed,1
18:53,reversed,5
18:53,denied,22
18:54,denied,27
18:54,reversed,4
18:54,approved,222
18:55,backend_reversed,3
18:55,refunded,1
18:55,denied,21
18:55,reversed,3
18:55,approved,233
18:55,failed,1
18:56,denied,31
18:56,reversed,3
18:56,approved,237
18:57,approved,255
18:57,refunded,1
18:57,denied,27
18:57,reversed,3
18:58,approved,222
18:58,reversed,3
18:58,denied,34
18:59,denied,39
18:59,approved,203
18:59,reversed,2
19:00,approved,215
19:00,refunded,1
19:00,reversed,3
19:00,denied,34
19:01,denied,29
19:01,refunded,2
19:01,approved,235
19:01,reversed,1
19:02,denied,33
19:02,reversed,3
19:02,approved,210
19:02,refunded,1
19:03,approved,209
19:03,reversed,3
19:03,refunded,1
19:03,denied,32
19:04,approved,199
19:04,refunded,2
19:04,denied,18
19:04,reversed,5
19:04,processing,1
19:05,denied,26
19:05,reversed,2
19:05,approved,206
19:06,approved,190
19:06,denied,26
19:06,reversed,3
19:07,denied,30
19:07,reversed,3
19:07,approved,188
19:08,refunded,1
19:08,approved,225
19:08,denied,28
19:08,reversed,2
19:09,refunded,1
19:09,denied,35
19:09,approved,222
19:09,reversed,2
19:10,refunded,2
19:10,approved,191
19:10,denied,20
19:11,approved,204
19:11,reversed,1
19:11,denied,21
19:12,approved,177
19:12,refunded,1
19:12,denied,23
19:12,reversed,1
19:13,reversed,4
19:13,approved,174
19:13,denied,28
19:14,denied,33
19:14,approved,214
19:14,reversed,2
19:14,refunded,1
19:15,approved,191
19:15,denied,24
19:15,reversed,1
19:16,denied,27
19:16,refunded,1
19:16,backend_reversed,1
19:16,reversed,1
19:16,approved,207
19:17,denied,23
19:17,approved,189
19:17,reversed,3
19:18,reversed,1
19:18,denied,19
19:18,approved,174
19:19,reversed,3
19:19,approved,181
19:19,denied,24
19:20,approved,181
19:20,denied,23
19:20,reversed,3
19:20,refunded,1
19:21,denied,27
19:21,approved,184
19:21,refunded,1
19:21,reversed,3
19:22,denied,20
19:22,refunded,1
19:22,reversed,2
19:22,approved,158
19:23,denied,17
19:23,reversed,2
19:23,approved,197
19:24,refunded,3
19:24,reversed,2
19:24,approved,146
19:24,denied,18
19:25,denied,24
19:25,reversed,3
19:25,approved,175
19:26,approved,174
19:26,reversed,5
19:26,refunded,1
19:26,denied,25
19:27,denied,21
19:27,reversed,2
19:27,approved,162
19:27,refunded,2
19:28,approved,181
19:28,denied,18
19:28,reversed,2
19:29,approved,174
19:29,denied,21
19:29,backend_reversed,2
19:29,refunded,1
19:29,reversed,4
19:30,approved,185
19:30,processing,1
19:30,refunded,1
19:30,reversed,1
19:30,denied,26
19:31,reversed,1
19:31,approved,192
19:31,refunded,1
19:31,denied,26
19:32,reversed,5
19:32,approved,156
19:32,denied,19
19:33,denied,16
19:33,reversed,5
19:33,approved,156
19:34,denied,33
19:34,reversed,1
19:34,approved,195
19:35,refunded,1
19:35,backend_reversed,1
19:35,reversed,2
19:35,denied,19
19:35,approved,175
19:36,denied,22
19:36,approved,191
19:36,reversed,2
19:37,refunded,1
19:37,denied,21
19:37,approved,175
19:37,reversed,1
19:38,denied,16
19:38,approved,171
19:38,backend_reversed,1
19:39,denied,26
19:39,refunded,1
19:39,approved,163
19:39,reversed,6
19:40,denied,26
19:40,approved,142
19:40,reversed,1
19:41,approved,154
19:41,reversed,1
19:41,denied,24
19:42,approved,154
19:42,reversed,4
19:42,denied,14
19:43,refunded,1
19:43,approved,131
19:43,denied,23
19:43,reversed,3
19:44,reversed,2
19:44,approved,169
19:44,denied,12
19:45,approved,156
19:45,denied,11
19:45,refunded,1
19:46,approved,145
19:46,refunded,1
19:46,reversed,3
19:46,denied,16
19:47,approved,158
19:47,refunded,1
19:47,denied,15
19:48,reversed,2
19:48,approved,173
19:48,denied,28
19:49,denied,20
19:49,reversed,1
19:49,approved,154
19:50,reversed,1
19:50,denied,27
19:50,approved,167
19:51,backend_reversed,2
19:51,approved,164
19:51,denied,22
19:52,approved,158
19:52,denied,22
19:53,denied,16
19:53,refunded,2
19:53,approved,170
19:54,approved,157
19:54,denied,17
19:54,reversed,1
19:55,approved,169
19:55,denied,7
19:56,denied,17
19:56,approved,161
19:57,denied,16
19:57,refunded,1
19:57,reversed,3
19:57,approved,152
19:58,approved,153
19:58,refunded,1
19:58,denied,24
19:58,reversed,1
19:59,approved,149
19:59,reversed,1
19:59,denied,19
19:59,refunded,1
20:00,denied,20
20:00,reversed,1
20:00,approved,144
20:00,refunded,1
20:01,approved,159
20:01,denied,21
20:01,refunded,1
20:01,reversed,2
20:02,denied,20
20:02,approved,146
20:02,reversed,1
20:03,approved,160
20:03,reversed,1
20:03,denied,29
20:04,refunded,1
20:04,approved,162
20:04,denied,22
20:05,reversed,1
20:05,refunded,1
20:05,approved,156
20:05,denied,22
20:06,approved,162
20:06,reversed,2
20:06,denied,26
20:07,approved,146
20:07,denied,14
20:07,reversed,2
20:08,denied,25
20:08,reversed,1
20:08,approved,147
20:09,approved,136
20:09,denied,19
20:09,reversed,2
20:09,refunded,1
20:10,denied,19
20:10,approved,174
20:10,refunded,1
20:10,reversed,2
20:11,approved,147
20:11,backend_reversed,1
20:11,denied,16
20:12,denied,25
20:12,approved,140
20:12,reversed,1
20:13,approved,133
20:13,denied,29
20:13,reversed,1
20:14,approved,132
20:14,denied,17
20:14,reversed,1
20:15,approved,149
20:15,refunded,1
20:15,denied,17
20:15,reversed,1
20:15,failed,1
20:16,approved,131
20:16,denied,18
20:16,reversed,1
20:17,reversed,2
20:17,refunded,1
20:17,denied,22
20:17,backend_reversed,1
20:17,approved,135
20:18,approved,142
20:18,backend_reversed,3
20:18,reversed,2
20:18,processing,1
20:18,denied,18
20:19,approved,151
20:19,reversed,2
20:19,refunded,1
20:19,denied,14
20:19,backend_reversed,1
20:20,reversed,4
20:20,denied,26
20:20,refunded,2
20:20,approved,134
20:21,denied,17
20:21,reversed,1
20:21,approved,137
20:22,approved,141
20:22,denied,18
20:22,reversed,2
20:23,refunded,1
20:23,reversed,4
20:23,denied,13
20:23,approved,139
20:24,approved,142
20:24,denied,12
20:24,reversed,1
20:25,reversed,1
20:25,approved,148
20:25,denied,16
20:26,refunded,1
20:26,reversed,1
20:26,approved,134
20:26,denied,18
20:27,approved,141
20:27,reversed,1
20:27,denied,23
20:28,reversed,1
20:28,denied,22
20:28,refunded,1
20:28,approved,133
20:29,denied,20
20:29,reversed,1
20:29,processing,1
20:29,approved,104
20:29,refunded,1
20:30,denied,27
20:30,reversed,4
20:30,approved,156
20:30,refunded,1
20:30,backend_reversed,1
20:31,approved,138
20:31,reversed,1
20:31,denied,23
20:32,approved,143
20:32,denied,20
20:33,denied,11
20:33,reversed,2
20:33,approved,130
20:34,approved,139
20:34,denied,13
20:34,reversed,2
20:34,refunded,1
20:35,denied,12
20:35,approved,142
20:35,reversed,1
20:35,backend_reversed,1
20:36,approved,146
20:36,reversed,3
20:36,denied,26
20:37,approved,128
20:37,reversed,1
20:37,denied,24
20:38,approved,122
20:38,denied,9
20:38,refunded,1
20:39,reversed,1
20:39,approved,136
20:39,denied,19
20:40,approved,157
20:40,reversed,1
20:40,denied,17
20:41,refunded,2
20:41,denied,17
20:41,approved,164
20:42,denied,19
20:42,approved,126
20:43,denied,16
20:43,approved,120
20:43,reversed,1
20:44,reversed,3
20:44,denied,16
20:44,approved,126
20:45,denied,17
20:45,approved,123
20:45,refunded,1
20:46,approved,139
20:46,denied,17
20:46,reversed,1
20:46,backend_reversed,1
20:47,denied,19
20:47,reversed,3
20:47,backend_reversed,1
20:47,approved,153
20:47,refunded,1
20:48,approved,128
20:48,reversed,3
20:48,denied,16
20:49,denied,16
20:49,reversed,2
20:49,approved,121
20:50,approved,121
20:50,denied,22
20:51,approved,132
20:51,denied,19
20:51,reversed,2
20:52,reversed,2
20:52,denied,12
20:52,refunded,1
20:52,approved,136
20:53,reversed,1
20:53,refunded,1
20:53,approved,115
20:53,denied,17
20:54,approved,128
20:54,reversed,2
20:54,refunded,1
20:54,denied,15
20:55,approved,101
20:55,denied,14
20:56,approved,105
20:56,denied,14
20:57,approved,115
20:57,denied,18
20:57,refunded,1
20:58,backend_reversed,1
20:58,approved,114
20:58,denied,15
20:59,denied,12
20:59,approved,125
21:00,refunded,1
21:00,approved,87
21:00,denied,12
21:01,backend_reversed,1
21:01,refunded,1
21:01,denied,12
21:01,reversed,3
21:01,approved,112
21:02,approved,126
21:02,denied,12
21:02,reversed,1
21:03,approved,127
21:03,refunded,1
21:03,denied,18
21:04,denied,15
21:04,approved,125
21:05,denied,15
21:05,reversed,1
21:05,approved,117
21:06,approved,108
21:06,denied,17
21:07,denied,15
21:07,approved,128
21:07,reversed,1
21:08,denied,21
21:08,approved,99
21:09,approved,113
21:09,denied,14
21:10,approved,119
21:10,reversed,3
21:10,backend_reversed,1
21:10,denied,16
21:11,refunded,2
21:11,approved,96
21:11,backend_reversed,2
21:11,denied,14
21:11,reversed,1
21:12,backend_reversed,1
21:12,denied,11
21:12,approved,104
21:12,reversed,1
21:13,approved,103
21:13,denied,7
21:13,reversed,1
21:13,backend_reversed,1
21:14,approved,110
21:14,denied,17
21:14,backend_reversed,2
21:14,reversed,3
21:15,approved,116
21:15,denied,13
21:15,backend_reversed,2
21:16,denied,22
21:16,backend_reversed,2
21:16,approved,110
21:16,reversed,1
21:17,approved,101
21:17,denied,20
21:18,denied,12
21:18,approved,103
21:18,refunded,1
21:18,backend_reversed,1
21:19,denied,15
21:19,approved,114
21:20,denied,19
21:20,reversed,2
21:20,refunded,1
21:20,approved,102
21:21,backend_reversed,1
21:21,approved,107
21:21,refunded,1
21:21,denied,14
21:21,reversed,2
21:22,approved,112
21:22,reversed,1
21:22,denied,19
21:23,approved,117
21:23,denied,8
21:23,reversed,1
21:24,refunded,1
21:24,approved,117
21:24,denied,18
21:25,approved,122
21:25,backend_reversed,1
21:25,denied,13
21:26,denied,16
21:26,backend_reversed,1
21:26,approved,97
21:27,reversed,1
21:27,approved,122
21:27,denied,13
21:27,backend_reversed,1
21:28,approved,103
21:28,denied,17
21:29,approved,101
21:29,reversed,1
21:29,denied,15
21:30,approved,100
21:30,denied,18
21:31,refunded,1
21:31,denied,23
21:31,approved,114
21:32,denied,9
21:32,approved,108
21:32,reversed,1
21:33,approved,95
21:33,denied,23
21:34,denied,12
21:34,approved,93
21:34,refunded,1
21:35,denied,16
21:35,approved,95
21:35,refunded,1
21:35,reversed,1
21:36,refunded,1
21:36,denied,15
21:36,approved,100
21:37,denied,17
21:37,approved,92
21:38,denied,16
21:38,approved,79
21:39,approved,90
21:39,denied,16
21:40,denied,14
21:40,approved,89
21:41,denied,7
21:41,reversed,2
21:41,approved,85
21:41,refunded,1
21:42,refunded,1
21:42,reversed,1
21:42,denied,10
21:42,backend_reversed,1
21:42,approved,98
21:43,reversed,6
21:43,denied,16
21:43,backend_reversed,1
21:43,approved,108
21:44,reversed,1
21:44,approved,81
21:44,denied,18
21:45,approved,103
21:45,backend_reversed,1
21:45,reversed,1
21:45,denied,10
21:46,reversed,1
21:46,approved,89
21:46,denied,12
21:47,denied,11
21:47,reversed,2
21:47,approved,76
21:48,approved,109
21:48,denied,19
21:49,approved,102
21:49,reversed,1
21:49,denied,13
21:50,denied,13
21:50,refunded,1
21:50,reversed,1
21:50,approved,74
21:51,approved,79
21:51,denied,11
21:52,approved,94
21:52,denied,15
21:53,approved,87
21:53,denied,15
21:54,approved,90
21:54,denied,14
21:55,denied,12
21:55,approved,90
21:56,denied,15
21:56,reversed,3
21:56,approved,94
21:57,denied,12
21:57,approved,83
21:58,approved,86
21:58,denied,7
21:58,reversed,1
21:58,refunded,1
21:59,denied,8
21:59,approved,98
22:00,denied,10
22:00,approved,86
22:01,denied,6
22:01,approved,87
22:01,refunded,1
22:02,denied,5
22:02,approved,71
22:02,reversed,1
22:03,denied,10
22:03,approved,101
22:04,approved,95
22:04,denied,13
22:05,denied,10
22:05,approved,75
22:06,denied,10
22:06,approved,91
22:07,approved,73
22:07,denied,14
22:08,denied,11
22:08,refunded,1
22:08,approved,75
22:09,denied,11
22:09,approved,86
22:09,refunded,1
22:10,approved,83
22:10,refunded,1
22:10,denied,19
22:11,approved,67
22:11,denied,16
22:12,denied,12
22:12,approved,56
22:13,denied,14
22:13,approved,87
22:14,backend_reversed,1
22:14,reversed,1
22:14,denied,15
22:14,approved,70
22:15,denied,11
22:15,approved,81
22:16,denied,11
22:16,approved,70
22:17,approved,61
22:17,denied,13
22:18,denied,10
22:18,approved,56
22:18,refunded,1
22:19,reversed,1
22:19,denied,6
22:19,approved,68
22:20,approved,83
22:20,denied,9
22:21,denied,14
22:21,approved,61
22:22,approved,79
22:22,denied,8
22:23,denied,8
22:23,reversed,3
22:23,approved,60
22:24,denied,5
22:24,approved,60
22:25,denied,7
22:25,backend_reversed,1
22:25,refunded,1
22:25,approved,61
22:25,reversed,1
22:26,reversed,1
22:26,denied,6
22:26,approved,69
22:27,approved,62
22:27,denied,4
22:27,reversed,1
22:28,denied,6
22:28,approved,71
22:29,approved,68
22:29,denied,8
22:29,reversed,1
22:30,denied,6
22:30,approved,62
22:31,denied,3
22:31,reversed,2
22:31,approved,49
22:32,approved,52
22:32,denied,4
22:32,refunded,1
22:33,approved,67
22:33,reversed,1
22:33,denied,6
22:34,approved,48
22:34,refunded,1
22:34,denied,9
22:35,denied,8
22:35,reversed,1
22:35,approved,64
22:36,denied,13
22:36,approved,43
22:37,approved,60
22:37,denied,7
22:38,approved,61
22:38,denied,8
22:38,refunded,1
22:39,approved,54
22:39,denied,9
22:40,approved,66
22:40,denied,7
22:41,denied,11
22:41,approved,66
22:42,approved,53
22:42,denied,8
22:43,denied,9
22:43,approved,62
22:44,approved,57
22:44,denied,11
22:45,denied,10
22:45,approved,64
22:45,reversed,1
22:46,denied,12
22:46,approved,53
22:47,refunded,1
22:47,denied,15
22:47,approved,66
22:48,backend_reversed,1
22:48,approved,43
22:48,denied,8
22:49,approved,55
22:49,denied,8
22:50,denied,7
22:50,approved,39
22:51,approved,42
22:51,denied,15
22:52,denied,12
22:52,reversed,1
22:52,approved,47
22:53,denied,11
22:53,approved,49
22:54,approved,49
22:54,denied,14
22:55,approved,50
22:55,denied,11
22:55,reversed,1
22:56,approved,56
22:56,denied,5
22:57,approved,46
22:57,refunded,1
22:57,denied,9
22:58,denied,11
22:58,reversed,1
22:58,approved,48
22:59,approved,59
22:59,denied,5
22:59,refunded,1
23:00,approved,53
23:00,denied,9
23:01,denied,9
23:01,approved,44
23:02,denied,11
23:02,approved,54
23:03,approved,55
23:03,denied,4
23:04,approved,55
23:04,denied,12
23:05,denied,6
23:05,approved,42
23:06,approved,44
23:06,denied,8
23:07,denied,6
23:07,approved,51
23:07,reversed,1
23:08,approved,46
23:08,denied,5
23:09,reversed,2
23:09,denied,7
23:09,approved,29
23:10,approved,33
23:10,denied,3
23:11,approved,33
23:11,denied,3
23:12,approved,47
23:12,denied,4
23:13,denied,5
23:13,approved,43
23:14,approved,37
23:14,denied,8
23:14,failed,1
23:15,denied,9
23:15,approved,36
23:16,approved,40
23:16,denied,9
23:17,approved,25
23:17,denied,4
23:18,approved,25
23:18,denied,6
23:19,approved,30
23:19,denied,7
23:20,approved,29
23:20,refunded,1
23:20,denied,5
23:21,reversed,2
23:21,denied,6
23:21,approved,52
23:22,denied,5
23:22,approved,35
23:23,approved,20
23:23,denied,4
23:24,approved,28
23:24,denied,2
23:24,processing,1
23:25,approved,34
23:25,denied,6
23:26,approved,37
23:26,denied,2
23:27,approved,20
23:27,reversed,1
23:27,denied,10
23:28,denied,6
23:28,approved,26
23:29,approved,37
23:29,denied,7
23:30,denied,5
23:30,approved,27
23:31,approved,31
23:31,denied,1
23:32,denied,3
23:32,approved,26
23:33,denied,9
23:33,approved,21
23:34,approved,31
23:34,denied,3
23:35,denied,5
23:35,reversed,1
23:35,approved,21
23:36,approved,32
23:36,denied,5
23:37,approved,32
23:37,denied,4
23:38,approved,24
23:38,denied,7
23:39,denied,4
23:39,approved,26
23:40,approved,20
23:40,denied,3
23:41,approved,24
23:41,denied,3
23:42,denied,5
23:42,approved,25
23:43,approved,30
23:43,denied,7
23:44,approved,29
23:44,denied,3
23:44,reversed,1
23:45,approved,28
23:45,refunded,1
23:45,denied,5
23:46,approved,23
23:46,backend_reversed,2
23:46,denied,3
23:53,approved,46
23:53,denied,3
23:54,denied,6
23:54,approved,43
23:55,denied,4
23:55,approved,32
23:56,denied,3
23:56,approved,30
23:57,denied,4
23:57,reversed,1
23:57,approved,21
23:58,processing,3
23:58,approved,11
23:58,reversed,2
23:58,backend_reversed,4
23:58,denied,3
23:58,refunded,1
23:59,processing,4
23:59,denied,1
23:59,backend_reversed,5
23:59,approved,10
23:59,reversed,6